GeoId;Pays;Region;Cas;Deces;;;
AD;Andorre;Europe;855;52;;;
AE ;Émirats arabes Unis;Méditerranée orientale;49069;316;;;
AF;Afghanistan;Méditerranée orientale;31836;774;;;
AG;Antigua-et-Barbuda;Amérique latine;66;3;;;
AI;Anguilla;Amérique latine;3;0;;;
AL;Albanie;Europe;2580;65;;;
AM;Arménie;Europe;26065;453;;;
AO;Angola;Afrique;291;15;;;
AR;Argentine;Amérique latine;67184;1351;;;
AT;Autriche;Europe;17814;705;;;
AU;Australie;Pacifique occidental;7920;104;;;
AW;Aruba;Amérique latine;103;3;;;
AZ;Azerbaïdjan;Europe;18112;220;;;
BA;Bosnie-Herzégovine;Europe;4453;185;;;
BB;Barbade;Amérique latine;97;7;;;
BD;Bangladesh;Asie du Sud-Est;149258;1888;;;
BE;Belgique;Europe;61598;9761;;;
BF;Burkina Faso;Afrique;962;53;;;
BG;Bulgarie;Europe;5154;232;;;
BH;Bahreïn;Méditerranée orientale;27414;92;;;
BI;Burundi;Afrique;170;1;;;
BJ;Bénin;Afrique;1199;21;;;
BM;Bermudes;Amérique latine;146;9;;;
BN;Brunei;Pacifique occidental;141;3;;;
BO;Bolivie;Amérique latine;34227;1201;;;
BQ;Bonaire;Amérique latine;7;0;;;
BR;Brésil;Amérique latine;1448753;60632;;;
BS;Bahamas;Amérique latine;104;11;;;
BT;Bhoutan;Asie du Sud-Est;77;0;;;
BW;Botswana;Afrique;227;1;;;
BY;Biélorussie;Europe;62424;398;;;
BZ;Belize;Amérique latine;28;2;;;
CA;Canada;Amérique du Nord;104193;8591;;;
CD;République démocratique du Congo;Afrique;7121;174;;;
CF;République centrafricaine;Afrique;3745;47;;;
CG;Congo;Afrique;1382;41;;;
CH;Suisse;Europe;31851;1684;;;
CI;Côte d’Ivoire;Afrique;9702;68;;;
CL;Chili;Amérique latine;282043;5753;;;
CM;Cameroun;Afrique;12592;313;;;
CN;Chine;Pacifique occidental;84816;4641;;;
CO;Colombie;Amérique latine;102009;3470;;;
CR;Costa Rica;Amérique latine;3753;17;;;
CU;Cuba;Amérique latine;2348;86;;;
CV;Cap Vert;Afrique;1267;15;;;
CW;Curaçao;Amérique latine;25;1;;;
CY;Chypre;Europe;999;19;;;
CZ;République tchèque;Europe;12046;349;;;
DE;Allemagne;Europe;195228;8994;;;
DJ;Djibouti;Méditerranée orientale;4704;55;;;
DK;Danemark;Europe;12794;606;;;
DM;Dominique;Amérique latine;18;0;;;
DO;République dominicaine;Amérique latine;33387;754;;;
DZ;Algérie;Afrique;14272;920;;;
EC;Équateur;Amérique latine;58257;4576;;;
EE;Estonie;Europe;1989;69;;;
EG;Égypte;Méditerranée orientale;69814;3034;;;
EH;Sahara Occidental;Méditerranée orientale;461;1;;;
EL;Grèce;Europe;3432;192;;;
ER;Erythrée;Afrique;203;0;;;
ES;Espagne;Europe;249659;28363;;;
ET;Éthiopie;Afrique;5846;103;;;
FI;Finlande;Europe;7236;328;;;
FJ;Fidji;Pacifique occidental;18;0;;;
FK;Îles Malouines;Amérique latine;13;0;;;
FO;Îles Féroé;Europe;187;0;;;
FR;France;Europe;165719;29861;;;
GA;Gabon;Afrique;5513;42;;;
GD;Grenade;Amérique latine;23;0;;;
GE;Géorgie;Europe;931;15;;;
GG;Guernesey;Europe;252;13;;;
GH;Ghana;Afrique;18134;117;;;
GI;Gibraltar;Europe;178;0;;;
GL;Groeland;Europe;13;0;;;
GM;Gambie;Afrique;49;2;;;
GN;Guinée;Afrique;5404;33;;;
GQ;Guinée équatoriale;Afrique;2001;32;;;
GT;Guatemala;Amérique latine;19011;817;;;
GU;Guam;Pacifique occidental;280;5;;;
GW;Guinée Bissau;Afrique;1654;24;;;
GY;Guyana;Amérique latine;248;13;;;
HN;Honduras;Amérique latine;20262;542;;;
HR;Croatie;Europe;2831;108;;;
HT;Haïti;Amérique latine;6040;107;;;
HU;Hongrie;Europe;4157;586;;;
ID;Indonésie;Asie du Sud-Est;57770;2934;;;
IE;Irlande;Europe;25477;1738;;;
IL;Israël;Europe;26257;322;;;
IM;Île de Man;Europe;336;24;;;
IN;Inde;Asie du Sud-Est;604641;17834;;;
IQ;Irak;Méditerranée orientale;51524;2050;;;
IR;Iran;Méditerranée orientale;230211;10958;;;
IS;Islande;Europe;1847;10;;;
IT;Italie;Europe;240760;34788;;;
JE;Jersey;Europe;319;31;;;
JM;Jamaïque;Amérique latine;707;10;;;
JO;Jordanie;Méditerranée orientale;1133;9;;;
JP;Japon;Pacifique occidental;18874;975;;;
KE;Kenya;Afrique;6673;149;;;
KG;Kirghizistan;Europe;5735;62;;;
KH;Cambodge;Pacifique occidental;141;0;;;
KM;Comores;Afrique;303;7;;;
KN;Saint-Kitts-et-Nevis;Amérique latine;15;0;;;
KR;Corée du Sud;Pacifique occidental;12904;282;;;
KW;Koweït;Méditerranée orientale;46940;358;;;
KY;Îles Caïmans;Amérique latine;201;1;;;
KZ;Kazakhstan;Europe;42574;188;;;
LA;Laos;Pacifique occidental;19;0;;;
LB;Liban;Méditerranée orientale;1788;34;;;
LC;Sainte Lucie;Amérique latine;19;0;;;
LI;Liechtenstein;Europe;83;1;;;
LK;Sri Lanka;Asie du Sud-Est;2054;11;;;
LR;Liberia;Afrique;804;37;;;
LS;Lesotho;Afrique;35;0;;;
LT;Lituanie;Europe;1818;78;;;
LU;Luxembourg;Europe;4345;110;;;
LV;Lettonie;Europe;1121;30;;;
LY;Libye;Méditerranée orientale;858;24;;;
MA;Maroc;Méditerranée orientale;12636;228;;;
MC;Monaco;Europe;103;5;;;
MD;Moldavie;Europe;16898;549;;;
ME;Monténégro;Europe;576;12;;;
MG;Madagascar;Afrique;2303;22;;;
MK;Macédoine du Nord;Europe;6470;306;;;
ML;Mali;Afrique;2202;116;;;
MM;Birmanie;Asie du Sud-Est;304;6;;;
MN;Mongolie;Pacifique occidental;220;0;;;
MP;Îles Mariannes du Nord;Pacifique occidental;30;2;;;
MR;Mauritanie;Afrique;4149;126;;;
MS;Montserrat;Amérique latine;11;1;;;
MT;Malte;Europe;670;9;;;
MU;Maurice;Afrique;341;10;;;
MV;Maldives;Asie du Sud-Est;2382;9;;;
MW;Malawi;Afrique;1342;16;;;
MX;Mexique;Amérique du Nord;231770;28510;;;
MY;Malaisie;Pacifique occidental;8640;121;;;
MZ;Mozambique;Afrique;903;6;;;
NA;Namibie;Afrique;285;0;;;
NC;Nouvelle Calédonie;Pacifique occidental;21;0;;;
NE;Niger;Afrique;1075;67;;;
NG;Nigeria;Afrique;26484;603;;;
NI;Nicaragua;Amérique latine;2519;83;;;
NL;Pays-Bas;Europe;50335;6115;;;
NO;Norvège;Europe;8887;251;;;
NP;Népal;Asie du Sud-Est;14046;30;;;
NZ;Nouvelle-Zélande;Pacifique occidental;1180;22;;;
OM;Oman;Méditerranée orientale;41194;185;;;
PA;Panama;Amérique latine;34463;645;;;
PE;Perou;Amérique latine;288477;9860;;;
PF;Polynésie française;Pacifique occidental;62;0;;;
PG;Papouasie-Nouvelle-Guinée;Pacifique occidental;11;0;;;
PH;Philippines;Pacifique occidental;38511;1270;;;
PK;Pakistan;Méditerranée orientale;217809;4473;;;
PL;Pologne;Europe;34775;1477;;;
PR;Porto Rico;Amérique latine;7537;153;;;
PS;Palestine;Méditerranée orientale;3095;11;;;
PT;Portugal;Europe;42454;1579;;;
PY;Paraguay;Amérique latine;2260;19;;;
QA;Qatar;Méditerranée orientale;97003;115;;;
RO;Roumanie;Europe;27296;1667;;;
RS;Serbie;Europe;14836;281;;;
RU;Russie;Europe;654405;9536;;;
RW;Rwanda;Afrique;1042;3;;;
SA;Arabie saoudite;Méditerranée orientale;194225;1698;;;
SC;Seychelles;Afrique;11;0;;;
SD;Soudan;Méditerranée orientale;9573;602;;;
SE;Suède;Europe;69692;5370;;;
SG;Singapour;Pacifique occidental;44122;26;;;
SI;Slovénie;Europe;1613;111;;;
SK;Slovaquie;Europe;1687;28;;;
SL;Sierra Leone;Afrique;1498;60;;;
SM;Saint-Marin;Europe;698;42;;;
SN;Sénégal;Afrique;6925;116;;;
SO;Somalie;Méditerranée orientale;2924;90;;;
SR;Suriname;Amérique latine;535;13;;;
SS;Soudan-du-Sud;Afrique;2006;37;;;
ST;Sao-Tomé-et-Principe;Afrique;715;13;;;
SV;Salvador;Amérique latine;6736;182;;;
SX;Saint-Martin;Amérique latine;77;15;;;
SY;Syrie;Méditerranée orientale;293;9;;;
SZ;Eswatini;Afrique;840;11;;;
TC;Îles Turques-et-Caïques;Amérique latine;42;2;;;
TD;Tchad;Afrique;866;74;;;
TG;Togo;Afrique;661;14;;;
TH;Thaïlande;Asie du Sud-Est;3179;58;;;
TJ;Tadjikistan;Europe;6005;52;;;
TL;Timor oriental;Asie du Sud-Est;24;0;;;
TN;Tunisie;Méditerranée orientale;1175;50;;;
TR;Turquie;Europe;201098;5150;;;
TT;Trinidad et Tobago;Amérique latine;130;8;;;
TW;Taïwan;Pacifique occidental;448;7;;;
TZ;Tanzanie;Afrique;509;21;;;
UA;Ukraine;Europe;44998;1173;;;
UG;Ouganda;Afrique;893;0;;;
UK;Royaume-Uni;Europe;313483;43906;;;
US;États-Unis;Amérique du Nord;2686480;128062;;;
UY;Uruguay;Amérique latine;943;28;;;
UZ;Ouzbékistan;Europe;8904;26;;;
VA;Vatican;Europe;12;0;;;
VC;Saint-Vincent-et-les-Grenadines;Amérique latine;29;0;;;
VE;Venezuela;Amérique latine;6062;54;;;
VG;Îles Vierges britanniques;Amérique latine;8;1;;;
VI;Îles Vierges américaines;Amérique latine;92;6;;;
VN;Vietnam;Pacifique occidental;355;0;;;
XK;Kosovo;Europe;2991;54;;;
YE;Yémen;Méditerranée orientale;1190;318;;;
ZA;Afrique du Sud;Afrique;159333;2749;;;
ZM;Zambie;Afrique;1632;30;;;
ZW;Zimbabwe;Afrique;605;7;;;